date,region,currency,amount
2026-01-10,NA,USD,100
2026-04-10,NA,USD,137
2026-09-10,NA,USD,174
2026-01-10,NA,USD,211
2026-04-10,NA,USD,248
2026-09-10,NA,USD,285
2026-01-10,NA,USD,322
2026-04-10,NA,USD,359
2026-09-10,NA,USD,396
2026-01-10,NA,USD,433
2026-04-10,NA,USD,470
2026-09-10,NA,USD,507
2026-01-10,NA,USD,544
2026-04-10,NA,USD,581
2026-09-10,NA,USD,618
2026-01-10,NA,USD,655
2026-04-10,NA,USD,692
2026-09-10,NA,USD,729
2026-01-10,NA,USD,766
2026-04-10,NA,USD,803
2026-09-10,NA,USD,840
2026-01-10,NA,USD,877
2026-04-10,NA,USD,914
2026-09-10,NA,USD,951
2026-01-10,NA,USD,988
2026-04-10,NA,USD,1025
2026-09-10,NA,USD,1062
2026-01-10,NA,USD,1099
2026-04-10,NA,USD,1136
2026-09-10,NA,USD,1173
2026-01-10,NA,USD,1210
2026-04-10,NA,USD,1247
2026-09-10,NA,USD,1284
2026-01-10,NA,USD,1321
2026-04-10,NA,USD,1358
2026-09-10,NA,USD,1395
2026-01-10,NA,USD,1432
2026-04-10,NA,USD,1469
2026-09-10,NA,USD,1506
2026-01-10,NA,USD,1543
2026-04-10,NA,USD,1580
2026-09-10,NA,USD,1617
2026-01-10,NA,USD,1654
2026-04-10,NA,USD,1691
2026-09-10,NA,USD,1728
2026-01-10,NA,USD,1765
2026-04-10,NA,USD,1802
2026-09-10,NA,USD,1839
2026-01-10,NA,USD,1876
2026-04-10,NA,USD,1913
2026-09-10,NA,USD,1950
2026-01-10,NA,USD,1987
2026-04-10,NA,USD,2024
2026-09-10,NA,USD,2061
2026-01-10,NA,USD,2098
2026-04-10,NA,USD,2135
2026-09-10,NA,USD,2172
2026-01-10,NA,USD,2209
2026-04-10,NA,USD,2246
2026-09-10,NA,USD,2283
2026-01-10,NA,EUR,2320
2026-04-10,NA,EUR,2357
2026-09-10,NA,EUR,2394
2026-01-10,NA,EUR,2431
2026-04-10,NA,EUR,2468
2026-09-10,NA,EUR,2505
2026-01-10,NA,EUR,2542
2026-04-10,NA,EUR,2579
2026-09-10,NA,EUR,2616
2026-01-10,NA,EUR,2653
2026-04-10,NA,EUR,2690
2026-09-10,NA,EUR,2727
2026-01-10,NA,EUR,2764
2026-04-10,NA,EUR,2801
2026-09-10,NA,EUR,2838
2026-01-10,NA,GBP,2875
2026-04-10,NA,GBP,2912
2026-09-10,NA,GBP,2949
2026-01-10,NA,GBP,2986
2026-04-10,NA,GBP,3023
2026-09-10,NA,GBP,3060
2026-01-10,NA,GBP,3097
2026-04-10,NA,GBP,3134
2026-09-10,NA,GBP,3171
2026-01-10,NA,GBP,3208
2026-04-10,NA,JPY,3245
2026-09-10,NA,JPY,3282
2026-01-10,NA,JPY,3319
2026-04-10,NA,JPY,3356
2026-09-10,NA,JPY,3393
2026-01-10,NA,JPY,3430
2026-04-10,NA,JPY,3467
2026-09-10,NA,JPY,3504
2026-01-10,NA,JPY,3541
2026-04-10,NA,JPY,3578
2026-09-10,NA,JPY,3615
2026-01-10,NA,JPY,3652
2026-04-10,NA,JPY,3689
2026-09-10,NA,JPY,3726
2026-01-10,NA,JPY,3763
2026-04-10,EU,EUR,3800
2026-09-10,EU,EUR,3837
2026-01-10,EU,EUR,3874
2026-04-10,EU,EUR,3911
2026-09-10,EU,EUR,3948
2026-01-10,EU,EUR,3985
2026-04-10,EU,EUR,4022
2026-09-10,EU,EUR,4059
2026-01-10,EU,EUR,4096
2026-04-10,EU,EUR,4133
2026-09-10,EU,EUR,4170
2026-01-10,EU,EUR,4207
2026-04-10,EU,EUR,4244
2026-09-10,EU,EUR,4281
2026-01-10,EU,EUR,4318
2026-04-10,EU,EUR,4355
2026-09-10,EU,EUR,4392
2026-01-10,EU,EUR,4429
2026-04-10,EU,EUR,4466
2026-09-10,EU,EUR,4503
2026-01-10,EU,EUR,4540
2026-04-10,EU,EUR,4577
2026-09-10,EU,EUR,4614
2026-01-10,EU,EUR,4651
2026-04-10,EU,EUR,4688
2026-09-10,EU,EUR,4725
2026-01-10,EU,EUR,4762
2026-04-10,EU,EUR,4799
2026-09-10,EU,EUR,4836
2026-01-10,EU,EUR,4873
2026-04-10,EU,EUR,110
2026-09-10,EU,EUR,147
2026-01-10,EU,EUR,184
2026-04-10,EU,EUR,221
2026-09-10,EU,EUR,258
2026-01-10,EU,EUR,295
2026-04-10,EU,EUR,332
2026-09-10,EU,EUR,369
2026-01-10,EU,EUR,406
2026-04-10,EU,EUR,443
2026-09-10,EU,EUR,480
2026-01-10,EU,EUR,517
2026-04-10,EU,EUR,554
2026-09-10,EU,EUR,591
2026-01-10,EU,EUR,628
2026-04-10,EU,EUR,665
2026-09-10,EU,EUR,702
2026-01-10,EU,EUR,739
2026-04-10,EU,EUR,776
2026-09-10,EU,EUR,813
2026-01-10,EU,EUR,850
2026-04-10,EU,EUR,887
2026-09-10,EU,EUR,924
2026-01-10,EU,EUR,961
2026-04-10,EU,EUR,998
2026-09-10,EU,EUR,1035
2026-01-10,EU,EUR,1072
2026-04-10,EU,EUR,1109
2026-09-10,EU,EUR,1146
2026-01-10,EU,EUR,1183
2026-04-10,EU,USD,1220
2026-09-10,EU,USD,1257
2026-01-10,EU,USD,1294
2026-04-10,EU,USD,1331
2026-09-10,EU,USD,1368
2026-01-10,EU,USD,1405
2026-04-10,EU,USD,1442
2026-09-10,EU,USD,1479
2026-01-10,EU,USD,1516
2026-04-10,EU,USD,1553
2026-09-10,EU,USD,1590
2026-01-10,EU,USD,1627
2026-04-10,EU,USD,1664
2026-09-10,EU,USD,1701
2026-01-10,EU,USD,1738
2026-04-10,EU,GBP,1775
2026-09-10,EU,GBP,1812
2026-01-10,EU,GBP,1849
2026-04-10,EU,GBP,1886
2026-09-10,EU,GBP,1923
2026-01-10,EU,GBP,1960
2026-04-10,EU,GBP,1997
2026-09-10,EU,GBP,2034
2026-01-10,EU,GBP,2071
2026-04-10,EU,GBP,2108
2026-09-10,EU,GBP,2145
2026-01-10,EU,GBP,2182
2026-04-10,EU,GBP,2219
2026-09-10,EU,GBP,2256
2026-01-10,EU,GBP,2293
2026-04-10,EU,JPY,2330
2026-09-10,EU,JPY,2367
2026-01-10,EU,JPY,2404
2026-04-10,EU,JPY,2441
2026-09-10,EU,JPY,2478
2026-01-10,EU,JPY,2515
2026-04-10,EU,JPY,2552
2026-09-10,EU,JPY,2589
2026-01-10,EU,JPY,2626
2026-04-10,EU,JPY,2663
2026-09-10,APAC,JPY,2700
2026-01-10,APAC,JPY,2737
2026-04-10,APAC,JPY,2774
2026-09-10,APAC,JPY,2811
2026-01-10,APAC,JPY,2848
2026-04-10,APAC,JPY,2885
2026-09-10,APAC,JPY,2922
2026-01-10,APAC,JPY,2959
2026-04-10,APAC,JPY,2996
2026-09-10,APAC,JPY,3033
2026-01-10,APAC,JPY,3070
2026-04-10,APAC,JPY,3107
2026-09-10,APAC,JPY,3144
2026-01-10,APAC,JPY,3181
2026-04-10,APAC,JPY,3218
2026-09-10,APAC,JPY,3255
2026-01-10,APAC,JPY,3292
2026-04-10,APAC,JPY,3329
2026-09-10,APAC,JPY,3366
2026-01-10,APAC,JPY,3403
2026-04-10,APAC,JPY,3440
2026-09-10,APAC,JPY,3477
2026-01-10,APAC,JPY,3514
2026-04-10,APAC,JPY,3551
2026-09-10,APAC,JPY,3588
2026-01-10,APAC,JPY,3625
2026-04-10,APAC,JPY,3662
2026-09-10,APAC,JPY,3699
2026-01-10,APAC,JPY,3736
2026-04-10,APAC,JPY,3773
2026-09-10,APAC,JPY,3810
2026-01-10,APAC,JPY,3847
2026-04-10,APAC,JPY,3884
2026-09-10,APAC,JPY,3921
2026-01-10,APAC,JPY,3958
2026-04-10,APAC,JPY,3995
2026-09-10,APAC,JPY,4032
2026-01-10,APAC,JPY,4069
2026-04-10,APAC,JPY,4106
2026-09-10,APAC,JPY,4143
2026-01-10,APAC,JPY,4180
2026-04-10,APAC,JPY,4217
2026-09-10,APAC,JPY,4254
2026-01-10,APAC,JPY,4291
2026-04-10,APAC,JPY,4328
2026-09-10,APAC,JPY,4365
2026-01-10,APAC,JPY,4402
2026-04-10,APAC,JPY,4439
2026-09-10,APAC,JPY,4476
2026-01-10,APAC,JPY,4513
2026-04-10,APAC,JPY,4550
2026-09-10,APAC,JPY,4587
2026-01-10,APAC,JPY,4624
2026-04-10,APAC,JPY,4661
2026-09-10,APAC,JPY,4698
2026-01-10,APAC,JPY,4735
2026-04-10,APAC,JPY,4772
2026-09-10,APAC,JPY,4809
2026-01-10,APAC,JPY,4846
2026-04-10,APAC,JPY,4883
2026-09-10,APAC,USD,120
2026-01-10,APAC,USD,157
2026-04-10,APAC,USD,194
2026-09-10,APAC,USD,231
2026-01-10,APAC,USD,268
2026-04-10,APAC,USD,305
2026-09-10,APAC,USD,342
2026-01-10,APAC,USD,379
2026-04-10,APAC,USD,416
2026-09-10,APAC,USD,453
2026-01-10,APAC,USD,490
2026-04-10,APAC,USD,527
2026-09-10,APAC,USD,564
2026-01-10,APAC,USD,601
2026-04-10,APAC,USD,638
2026-09-10,APAC,EUR,675
2026-01-10,APAC,EUR,712
2026-04-10,APAC,EUR,749
2026-09-10,APAC,EUR,786
2026-01-10,APAC,EUR,823
2026-04-10,APAC,EUR,860
2026-09-10,APAC,EUR,897
2026-01-10,APAC,EUR,934
2026-04-10,APAC,EUR,971
2026-09-10,APAC,EUR,1008
2026-01-10,APAC,GBP,1045
2026-04-10,APAC,GBP,1082
2026-09-10,APAC,GBP,1119
2026-01-10,APAC,GBP,1156
2026-04-10,APAC,GBP,1193
2026-09-10,APAC,GBP,1230
2026-01-10,APAC,GBP,1267
2026-04-10,APAC,GBP,1304
2026-09-10,APAC,GBP,1341
2026-01-10,APAC,GBP,1378
2026-04-10,APAC,GBP,1415
2026-09-10,APAC,GBP,1452
2026-01-10,APAC,GBP,1489
2026-04-10,APAC,GBP,1526
2026-09-10,APAC,GBP,1563
2026-01-10,LATAM,USD,1600
2026-04-10,LATAM,USD,1637
2026-09-10,LATAM,USD,1674
2026-01-10,LATAM,USD,1711
2026-04-10,LATAM,USD,1748
2026-09-10,LATAM,USD,1785
2026-01-10,LATAM,USD,1822
2026-04-10,LATAM,USD,1859
2026-09-10,LATAM,USD,1896
2026-01-10,LATAM,USD,1933
2026-04-10,LATAM,USD,1970
2026-09-10,LATAM,USD,2007
2026-01-10,LATAM,USD,2044
2026-04-10,LATAM,USD,2081
2026-09-10,LATAM,USD,2118
2026-01-10,LATAM,USD,2155
2026-04-10,LATAM,USD,2192
2026-09-10,LATAM,USD,2229
2026-01-10,LATAM,USD,2266
2026-04-10,LATAM,USD,2303
2026-09-10,LATAM,USD,2340
2026-01-10,LATAM,USD,2377
2026-04-10,LATAM,USD,2414
2026-09-10,LATAM,USD,2451
2026-01-10,LATAM,USD,2488
2026-04-10,LATAM,USD,2525
2026-09-10,LATAM,USD,2562
2026-01-10,LATAM,USD,2599
2026-04-10,LATAM,USD,2636
2026-09-10,LATAM,USD,2673
2026-01-10,LATAM,USD,2710
2026-04-10,LATAM,USD,2747
2026-09-10,LATAM,USD,2784
2026-01-10,LATAM,USD,2821
2026-04-10,LATAM,USD,2858
2026-09-10,LATAM,USD,2895
2026-01-10,LATAM,USD,2932
2026-04-10,LATAM,USD,2969
2026-09-10,LATAM,USD,3006
2026-01-10,LATAM,USD,3043
2026-04-10,LATAM,EUR,3080
2026-09-10,LATAM,EUR,3117
2026-01-10,LATAM,EUR,3154
2026-04-10,LATAM,EUR,3191
2026-09-10,LATAM,EUR,3228
2026-01-10,LATAM,EUR,3265
2026-04-10,LATAM,EUR,3302
2026-09-10,LATAM,EUR,3339
2026-01-10,LATAM,EUR,3376
2026-04-10,LATAM,EUR,3413
2026-09-10,LATAM,EUR,3450
2026-01-10,LATAM,EUR,3487
2026-04-10,LATAM,EUR,3524
2026-09-10,LATAM,EUR,3561
2026-01-10,LATAM,EUR,3598
2026-04-10,LATAM,EUR,3635
2026-09-10,LATAM,EUR,3672
2026-01-10,LATAM,EUR,3709
2026-04-10,LATAM,EUR,3746
2026-09-10,LATAM,EUR,3783
2026-01-10,LATAM,EUR,3820
2026-04-10,LATAM,EUR,3857
2026-09-10,LATAM,EUR,3894
2026-01-10,LATAM,EUR,3931
2026-04-10,LATAM,EUR,3968
2026-09-10,LATAM,EUR,4005
2026-01-10,LATAM,EUR,4042
2026-04-10,LATAM,EUR,4079
2026-09-10,LATAM,EUR,4116
2026-01-10,LATAM,EUR,4153
2026-04-10,LATAM,EUR,4190
2026-09-10,LATAM,EUR,4227
2026-01-10,LATAM,EUR,4264
2026-04-10,LATAM,EUR,4301
2026-09-10,LATAM,EUR,4338
2026-01-10,LATAM,GBP,4375
2026-04-10,LATAM,GBP,4412
2026-09-10,LATAM,GBP,4449
2026-01-10,LATAM,GBP,4486
2026-04-10,LATAM,GBP,4523
2026-09-10,LATAM,GBP,4560
2026-01-10,LATAM,GBP,4597
2026-04-10,LATAM,GBP,4634
2026-09-10,LATAM,GBP,4671
2026-01-10,LATAM,GBP,4708
2026-04-10,LATAM,JPY,4745
2026-09-10,LATAM,JPY,4782
2026-01-10,LATAM,JPY,4819
2026-04-10,LATAM,JPY,4856
2026-09-10,LATAM,JPY,4893
2026-01-10,LATAM,JPY,130
2026-04-10,LATAM,JPY,167
2026-09-10,LATAM,JPY,204
2026-01-10,LATAM,JPY,241
2026-04-10,LATAM,JPY,278
2026-09-10,LATAM,JPY,315
2026-01-10,LATAM,JPY,352
2026-04-10,LATAM,JPY,389
2026-09-10,LATAM,JPY,426
2026-01-10,LATAM,JPY,463
